--
-- PostgreSQL database dump
--

\restrict eFtWE40BHaSee9Ecs00nhLNheEyxTwsF2PwRk3CbkXRee5tKvf71vqpBERKGqD7

-- Dumped from database version 18.0 (Postgres.app)
-- Dumped by pg_dump version 18.0 (Postgres.app)

SET statement_timeout = 0;
SET lock_timeout = 0;
SET idle_in_transaction_session_timeout = 0;
SET transaction_timeout = 0;
SET client_encoding = 'UTF8';
SET standard_conforming_strings = on;
SELECT pg_catalog.set_config('search_path', '', false);
SET check_function_bodies = false;
SET xmloption = content;
SET client_min_messages = warning;
SET row_security = off;

SET default_tablespace = '';

SET default_table_access_method = heap;

--
-- Name: application; Type: TABLE; Schema: public; Owner: postgres
--

CREATE TABLE public.application (
    id bigint NOT NULL,
    description character varying(255),
    long_name character varying(255),
    short_name character varying(255)
);


ALTER TABLE public.application OWNER TO postgres;

--
-- Name: application_id_seq; Type: SEQUENCE; Schema: public; Owner: postgres
--

ALTER TABLE public.application ALTER COLUMN id ADD GENERATED BY DEFAULT AS IDENTITY (
    SEQUENCE NAME public.application_id_seq
    START WITH 1
    INCREMENT BY 1
    NO MINVALUE
    NO MAXVALUE
    CACHE 1
);


--
-- Name: med_sequence_gen; Type: SEQUENCE; Schema: public; Owner: postgres
--

CREATE SEQUENCE public.med_sequence_gen
    START WITH 1
    INCREMENT BY 50
    NO MINVALUE
    NO MAXVALUE
    CACHE 1;


ALTER SEQUENCE public.med_sequence_gen OWNER TO postgres;

--
-- Name: medicine; Type: TABLE; Schema: public; Owner: postgres
--

CREATE TABLE public.medicine (
    medicine_id bigint NOT NULL,
    medicine_manufacturer character varying(255),
    medicine_name character varying(255)
);


ALTER TABLE public.medicine OWNER TO postgres;

--
-- Name: medicine_sequence_generator; Type: SEQUENCE; Schema: public; Owner: postgres
--

CREATE SEQUENCE public.medicine_sequence_generator
    START WITH 1
    INCREMENT BY 50
    NO MINVALUE
    NO MAXVALUE
    CACHE 1;


ALTER SEQUENCE public.medicine_sequence_generator OWNER TO postgres;

--
-- Name: pharmacists; Type: TABLE; Schema: public; Owner: postgres
--

CREATE TABLE public.pharmacists (
    shop_id bigint NOT NULL,
    latitude double precision,
    longitude double precision,
    shop_city character varying(255),
    shop_country character varying(255),
    shop_name character varying(255),
    shop_open_hours character varying(255),
    shop_state character varying(255),
    user_id bigint,
    address_line character varying(255)
);


ALTER TABLE public.pharmacists OWNER TO postgres;

--
-- Name: pharmacists_seq; Type: SEQUENCE; Schema: public; Owner: postgres
--

CREATE SEQUENCE public.pharmacists_seq
    START WITH 1
    INCREMENT BY 50
    NO MINVALUE
    NO MAXVALUE
    CACHE 1;


ALTER SEQUENCE public.pharmacists_seq OWNER TO postgres;

--
-- Name: shop_medicine_stock; Type: TABLE; Schema: public; Owner: postgres
--

CREATE TABLE public.shop_medicine_stock (
    id bigint NOT NULL,
    creationdate timestamp(6) without time zone,
    last_updated timestamp(6) without time zone,
    medicine_id bigint,
    price double precision NOT NULL,
    quantity bigint NOT NULL,
    shop_id bigint
);


ALTER TABLE public.shop_medicine_stock OWNER TO postgres;

--
-- Name: shop_medicine_stock_id_seq; Type: SEQUENCE; Schema: public; Owner: postgres
--

ALTER TABLE public.shop_medicine_stock ALTER COLUMN id ADD GENERATED BY DEFAULT AS IDENTITY (
    SEQUENCE NAME public.shop_medicine_stock_id_seq
    START WITH 1
    INCREMENT BY 1
    NO MINVALUE
    NO MAXVALUE
    CACHE 1
);


--
-- Name: users; Type: TABLE; Schema: public; Owner: postgres
--

CREATE TABLE public.users (
    id bigint NOT NULL,
    email character varying(255),
    password character varying(255),
    role character varying(255),
    username character varying(255),
    phone_number character varying(255)
);


ALTER TABLE public.users OWNER TO postgres;

--
-- Name: users_seq; Type: SEQUENCE; Schema: public; Owner: postgres
--

CREATE SEQUENCE public.users_seq
    START WITH 1
    INCREMENT BY 50
    NO MINVALUE
    NO MAXVALUE
    CACHE 1;


ALTER SEQUENCE public.users_seq OWNER TO postgres;

--
-- Data for Name: application; Type: TABLE DATA; Schema: public; Owner: postgres
--

COPY public.application (id, description, long_name, short_name) FROM stdin;
3	this is the third app to be created	application29	app27
4	this is the third app to be created	application29	app27
5	this is the third app to be created	application29	app27
6	\N	\N	\N
7	vgj	bhbjh	bjhbjh
8	vgj	bhbjh	bjhbjh
9	vgj	bhbjh	bjhbjh
10	vgj	bhbjh	bjhbjh
11	vgj	bhbjh	bjhbjh
12	vgj	bhbjh	bjhbjh
2	updated description	updated	updated2
\.


--
-- Data for Name: medicine; Type: TABLE DATA; Schema: public; Owner: postgres
--

COPY public.medicine (medicine_id, medicine_manufacturer, medicine_name) FROM stdin;
1	indltd	dolo 650
2	verlabltd	parasatamol
3	lmiy.ltd	crosol
4	Pfizer	Paracetamol
5	Johnson & Johnson	Crocin
6	Novartis	Cetirizine
7	Cipla	Amoxicillin
8	Sun Pharma	Azithromycin
9	Dr. Reddy's	Metformin
10	Glenmark	Omeprazole
11	Bayer	Ibuprofen
12	Abbott	Lisinopril
13	Mylan	Atorvastatin
14	Himalaya	Vitamin C
15	Zydus Cadila	Vitamin D
16	Sanofi	Aspirin
17	Aurobindo	Naproxen
18	Pfizer	Simvastatin
19	Novartis	Clarithromycin
20	Cipla	Doxycycline
21	Sun Pharma	Fluconazole
22	Dr. Reddy's	Pantoprazole
23	Glenmark	Cefixime
24	Bayer	Cefpodoxime
25	Abbott	Ceftriaxone
26	Mylan	Ranitidine
27	Himalaya	Levocetirizine
28	Zydus Cadila	Fexofenadine
29	Sanofi	Montelukast
30	Aurobindo	Salbutamol
31	Pfizer	Prednisone
32	Novartis	Hydrocortisone
33	Cipla	Diazepam
34	Sun Pharma	Lorazepam
35	Dr. Reddy's	Metoprolol
36	Glenmark	Amlodipine
37	Bayer	Losartan
38	Abbott	Gabapentin
39	Mylan	Pregabalin
40	Himalaya	Warfarin
41	Zydus Cadila	Heparin
42	Sanofi	Enalapril
43	Aurobindo	Carvedilol
44	Pfizer	Clopidogrel
45	Novartis	Rosuvastatin
46	Cipla	Pantoprazole
47	Sun Pharma	Omeprazole
48	Dr. Reddy's	Metformin
49	Glenmark	Glimepiride
50	Bayer	Sitagliptin
51	Abbott	Levothyroxine
\.


--
-- Data for Name: pharmacists; Type: TABLE DATA; Schema: public; Owner: postgres
--

COPY public.pharmacists (shop_id, latitude, longitude, shop_city, shop_country, shop_name, shop_open_hours, shop_state, user_id, address_line) FROM stdin;
252	77.5946	12.9716	banglore	india	shiva pharmasist	9:00am to 11:00pm	karnataka	852	jcr loyaout first cross panathur
302	77.5928	12.9716	belgaum	India	shankar pharsmasist	7:00am to 10pm	karntaka	1002	\N
\.


--
-- Data for Name: shop_medicine_stock; Type: TABLE DATA; Schema: public; Owner: postgres
--

COPY public.shop_medicine_stock (id, creationdate, last_updated, medicine_id, price, quantity, shop_id) FROM stdin;
1	\N	2026-01-10 15:11:13.085099	1	899	89	252
6	2026-02-07 23:23:49.988363	2026-02-07 23:23:49.988435	1	55	4567	302
8	2026-02-08 12:26:52.708849	2026-02-08 12:26:52.70891	3	67	57	252
9	2026-02-08 12:50:08.516107	2026-02-21 10:46:07.434452	5	34	7	252
\.


--
-- Data for Name: users; Type: TABLE DATA; Schema: public; Owner: postgres
--

COPY public.users (id, email, password, role, username, phone_number) FROM stdin;
852	shivrajak280@gmail.com	$2a$10$UjQpHMC5Ykk/bLFqBh1ayOHdOTv1YH5E9lfmE32xHdTFeTJLqQ.dO	PHARMACIST	shivraj	\N
902	shivrajak@gmail.com	$2a$10$PaE8fgWH9qHvP.wziajY8O3VFqORl6EFkTTMp7ZpZTrdUaByY2cr6	USER	nikil	\N
952	shivrajak280@gmail.com	$2a$10$bgak1CxyLVh7kk5Hke7d2uwDI3CYLyeuzebcIyd.iZTYF2avlA/Q6	USER	sunil	\N
1002	shankar@gmail.com	$2a$10$MnMZCyJC7Xn11lW23XqUiemoWO0UWqKLspTcp1hvOiuNhsQFkObcO	PHARMACIST	shankar	\N
1052	user@gmail.com	$2a$10$wwRGAH7IZBbAglDl36l3f./oyRgGmuYQIJvJHF3gCK/zt1VsNmqfe	USER	user	\N
\.


--
-- Name: application_id_seq; Type: SEQUENCE SET; Schema: public; Owner: postgres
--

SELECT pg_catalog.setval('public.application_id_seq', 12, true);


--
-- Name: med_sequence_gen; Type: SEQUENCE SET; Schema: public; Owner: postgres
--

SELECT pg_catalog.setval('public.med_sequence_gen', 1, false);


--
-- Name: medicine_sequence_generator; Type: SEQUENCE SET; Schema: public; Owner: postgres
--

SELECT pg_catalog.setval('public.medicine_sequence_generator', 1, false);


--
-- Name: pharmacists_seq; Type: SEQUENCE SET; Schema: public; Owner: postgres
--

SELECT pg_catalog.setval('public.pharmacists_seq', 351, true);


--
-- Name: shop_medicine_stock_id_seq; Type: SEQUENCE SET; Schema: public; Owner: postgres
--

SELECT pg_catalog.setval('public.shop_medicine_stock_id_seq', 9, true);


--
-- Name: users_seq; Type: SEQUENCE SET; Schema: public; Owner: postgres
--

SELECT pg_catalog.setval('public.users_seq', 1101, true);


--
-- Name: application application_pkey; Type: CONSTRAINT; Schema: public; Owner: postgres
--

ALTER TABLE ONLY public.application
    ADD CONSTRAINT application_pkey PRIMARY KEY (id);


--
-- Name: medicine medicine_pkey; Type: CONSTRAINT; Schema: public; Owner: postgres
--

ALTER TABLE ONLY public.medicine
    ADD CONSTRAINT medicine_pkey PRIMARY KEY (medicine_id);


--
-- Name: pharmacists pharmacists_pkey; Type: CONSTRAINT; Schema: public; Owner: postgres
--

ALTER TABLE ONLY public.pharmacists
    ADD CONSTRAINT pharmacists_pkey PRIMARY KEY (shop_id);


--
-- Name: shop_medicine_stock shop_medicine_stock_pkey; Type: CONSTRAINT; Schema: public; Owner: postgres
--

ALTER TABLE ONLY public.shop_medicine_stock
    ADD CONSTRAINT shop_medicine_stock_pkey PRIMARY KEY (id);


--
-- Name: users users_pkey; Type: CONSTRAINT; Schema: public; Owner: postgres
--

ALTER TABLE ONLY public.users
    ADD CONSTRAINT users_pkey PRIMARY KEY (id);


--
-- PostgreSQL database dump complete
--

\unrestrict eFtWE40BHaSee9Ecs00nhLNheEyxTwsF2PwRk3CbkXRee5tKvf71vqpBERKGqD7

